[
  {
    "created_at": "Thu Jul 21 20:18:58 +0000 2016",
    "id": 756221952763662300,
    "id_str": "756221952763662336",
    "text": "Come get the exclusively at #CONX a whole new experience only at #SDCC https://t.co/R3AhRXtnYC",
    "truncated": false,
    "entities": {
      "hashtags": [
        {
          "text": "CONX",
          "indices": [
            28,
            33
          ]
        },
        {
          "text": "SDCC",
          "indices": [
            65,
            70
          ]
        }
      ],
      "symbols": [],
      "user_mentions": [],
      "urls": [],
      "media": [
        {
          "id": 756221945369067500,
          "id_str": "756221945369067520",
          "indices": [
            71,
            94
          ],
          "media_url": "http://pbs.twimg.com/media/Cn6j2kkUAAAe3Uq.jpg",
          "media_url_https": "https://pbs.twimg.com/media/Cn6j2kkUAAAe3Uq.jpg",
          "url": "https://t.co/R3AhRXtnYC",
          "display_url": "pic.twitter.com/R3AhRXtnYC",
          "expanded_url": "http://twitter.com/comiccon2016/status/756221952763662336/photo/1",
          "type": "photo",
          "sizes": {
            "large": {
              "w": 960,
              "h": 960,
              "resize": "fit"
            },
            "medium": {
              "w": 960,
              "h": 960,
              "resize": "fit"
            },
            "thumb": {
              "w": 150,
              "h": 150,
              "resize": "crop"
            },
            "small": {
              "w": 680,
              "h": 680,
              "resize": "fit"
            }
          }
        }
      ]
    },
    "extended_entities": {
      "media": [
        {
          "id": 756221945369067500,
          "id_str": "756221945369067520",
          "indices": [
            71,
            94
          ],
          "media_url": "http://pbs.twimg.com/media/Cn6j2kkUAAAe3Uq.jpg",
          "media_url_https": "https://pbs.twimg.com/media/Cn6j2kkUAAAe3Uq.jpg",
          "url": "https://t.co/R3AhRXtnYC",
          "display_url": "pic.twitter.com/R3AhRXtnYC",
          "expanded_url": "http://twitter.com/comiccon2016/status/756221952763662336/photo/1",
          "type": "photo",
          "sizes": {
            "large": {
              "w": 960,
              "h": 960,
              "resize": "fit"
            },
            "medium": {
              "w": 960,
              "h": 960,
              "resize": "fit"
            },
            "thumb": {
              "w": 150,
              "h": 150,
              "resize": "crop"
            },
            "small": {
              "w": 680,
              "h": 680,
              "resize": "fit"
            }
          }
        }
      ]
    },
    "source": "<a href=\"http://twitter.com/download/iphone\" rel=\"nofollow\">Twitter for iPhone</a>",
    "in_reply_to_status_id": null,
    "in_reply_to_status_id_str": null,
    "in_reply_to_user_id": null,
    "in_reply_to_user_id_str": null,
    "in_reply_to_screen_name": null,
    "user": {
      "id": 4922535498,
      "id_str": "4922535498",
      "name": "ComicCon2016",
      "screen_name": "comiccon2016",
      "location": "San Diego, CA",
      "description": "Giving you exclusive access to Comic Con inside and outdoor event",
      "url": "https://t.co/B7isqHW0fo",
      "entities": {
        "url": {
          "urls": [
            {
              "url": "https://t.co/B7isqHW0fo",
              "expanded_url": "http://www.comic-con.org",
              "display_url": "comic-con.org",
              "indices": [
                0,
                23
              ]
            }
          ]
        },
        "description": {
          "urls": []
        }
      },
      "protected": false,
      "followers_count": 249,
      "friends_count": 12,
      "listed_count": 2,
      "created_at": "Wed Feb 17 21:37:58 +0000 2016",
      "favourites_count": 0,
      "utc_offset": null,
      "time_zone": null,
      "geo_enabled": true,
      "verified": false,
      "statuses_count": 7,
      "lang": "en",
      "contributors_enabled": false,
      "is_translator": false,
      "is_translation_enabled": false,
      "profile_background_color": "F5F8FA",
      "profile_background_image_url": null,
      "profile_background_image_url_https": null,
      "profile_background_tile": false,
      "profile_image_url": "http://pbs.twimg.com/profile_images/700072264557957120/7oQE5E1w_normal.png",
      "profile_image_url_https": "https://pbs.twimg.com/profile_images/700072264557957120/7oQE5E1w_normal.png",
      "profile_link_color": "2B7BB9",
      "profile_sidebar_border_color": "C0DEED",
      "profile_sidebar_fill_color": "DDEEF6",
      "profile_text_color": "333333",
      "profile_use_background_image": true,
      "has_extended_profile": false,
      "default_profile": true,
      "default_profile_image": false,
      "following": null,
      "follow_request_sent": null,
      "notifications": null
    },
    "geo": null,
    "coordinates": null,
    "place": {
      "id": "a592bd6ceb1319f7",
      "url": "https://api.twitter.com/1.1/geo/id/a592bd6ceb1319f7.json",
      "place_type": "city",
      "name": "San Diego",
      "full_name": "San Diego, CA",
      "country_code": "US",
      "country": "United States",
      "contained_within": [],
      "bounding_box": {
        "type": "Polygon",
        "coordinates": [
          [
            [
              -117.282538,
              32.53962
            ],
            [
              -116.9274403,
              32.53962
            ],
            [
              -116.9274403,
              33.0804044
            ],
            [
              -117.282538,
              33.0804044
            ]
          ]
        ]
      },
      "attributes": {}
    },
    "contributors": null,
    "is_quote_status": false,
    "retweet_count": 1,
    "favorite_count": 6,
    "favorited": false,
    "retweeted": false,
    "possibly_sensitive": false,
    "lang": "en"
  },
  {
    "created_at": "Sat Jul 16 12:29:54 +0000 2016",
    "id": 754291971896778800,
    "id_str": "754291971896778752",
    "text": "Those without an entrance pass or a day at comic con check out a new adventure called ConX brought to you by EW a proud sponsor of Comic-Con",
    "truncated": false,
    "entities": {
      "hashtags": [],
      "symbols": [],
      "user_mentions": [],
      "urls": []
    },
    "source": "<a href=\"http://twitter.com\" rel=\"nofollow\">Twitter Web Client</a>",
    "in_reply_to_status_id": null,
    "in_reply_to_status_id_str": null,
    "in_reply_to_user_id": null,
    "in_reply_to_user_id_str": null,
    "in_reply_to_screen_name": null,
    "user": {
      "id": 4922535498,
      "id_str": "4922535498",
      "name": "ComicCon2016",
      "screen_name": "comiccon2016",
      "location": "San Diego, CA",
      "description": "Giving you exclusive access to Comic Con inside and outdoor event",
      "url": "https://t.co/B7isqHW0fo",
      "entities": {
        "url": {
          "urls": [
            {
              "url": "https://t.co/B7isqHW0fo",
              "expanded_url": "http://www.comic-con.org",
              "display_url": "comic-con.org",
              "indices": [
                0,
                23
              ]
            }
          ]
        },
        "description": {
          "urls": []
        }
      },
      "protected": false,
      "followers_count": 249,
      "friends_count": 12,
      "listed_count": 2,
      "created_at": "Wed Feb 17 21:37:58 +0000 2016",
      "favourites_count": 0,
      "utc_offset": null,
      "time_zone": null,
      "geo_enabled": true,
      "verified": false,
      "statuses_count": 7,
      "lang": "en",
      "contributors_enabled": false,
      "is_translator": false,
      "is_translation_enabled": false,
      "profile_background_color": "F5F8FA",
      "profile_background_image_url": null,
      "profile_background_image_url_https": null,
      "profile_background_tile": false,
      "profile_image_url": "http://pbs.twimg.com/profile_images/700072264557957120/7oQE5E1w_normal.png",
      "profile_image_url_https": "https://pbs.twimg.com/profile_images/700072264557957120/7oQE5E1w_normal.png",
      "profile_link_color": "2B7BB9",
      "profile_sidebar_border_color": "C0DEED",
      "profile_sidebar_fill_color": "DDEEF6",
      "profile_text_color": "333333",
      "profile_use_background_image": true,
      "has_extended_profile": false,
      "default_profile": true,
      "default_profile_image": false,
      "following": null,
      "follow_request_sent": null,
      "notifications": null
    },
    "geo": null,
    "coordinates": null,
    "place": null,
    "contributors": null,
    "is_quote_status": false,
    "retweet_count": 0,
    "favorite_count": 4,
    "favorited": false,
    "retweeted": false,
    "lang": "en"
  }
]
