[
  {
    "created_at": "Wed Jun 06 22:50:15 +0000 2012",
    "id": 210503900887924740,
    "id_str": "210503900887924736",
    "text": "Oracle's got 100+ enterprise applications live in the #cloud today, SAP's got nothin' but SuccessFactors until 2020",
    "truncated": false,
    "entities": {
      "hashtags": [
        {
          "text": "cloud",
          "indices": [
            54,
            60
          ]
        }
      ],
      "symbols": [],
      "user_mentions": [],
      "urls": []
    },
    "source": "<a href=\"http://twitter.com\" rel=\"nofollow\">Twitter Web Client</a>",
    "in_reply_to_status_id": null,
    "in_reply_to_status_id_str": null,
    "in_reply_to_user_id": null,
    "in_reply_to_user_id_str": null,
    "in_reply_to_screen_name": null,
    "user": {
      "id": 595822244,
      "id_str": "595822244",
      "name": "Larry Ellison",
      "screen_name": "larryellison",
      "location": "",
      "description": "",
      "url": "http://t.co/j6iuRaAIX0",
      "entities": {
        "url": {
          "urls": [
            {
              "url": "http://t.co/j6iuRaAIX0",
              "expanded_url": "http://oracle.com",
              "display_url": "oracle.com",
              "indices": [
                0,
                22
              ]
            }
          ]
        },
        "description": {
          "urls": []
        }
      },
      "protected": false,
      "followers_count": 95555,
      "friends_count": 26,
      "listed_count": 1152,
      "created_at": "Thu May 31 21:00:07 +0000 2012",
      "favourites_count": 1,
      "utc_offset": -25200,
      "time_zone": "Pacific Time (US & Canada)",
      "geo_enabled": false,
      "verified": true,
      "statuses_count": 1,
      "lang": "en",
      "contributors_enabled": false,
      "is_translator": false,
      "is_translation_enabled": false,
      "profile_background_color": "C0DEED",
      "profile_background_image_url": "http://abs.twimg.com/images/themes/theme1/bg.png",
      "profile_background_image_url_https": "https://abs.twimg.com/images/themes/theme1/bg.png",
      "profile_background_tile": false,
      "profile_image_url": "http://pbs.twimg.com/profile_images/2267320808/9m1dxis8i287vq9rcgvx_normal.jpeg",
      "profile_image_url_https": "https://pbs.twimg.com/profile_images/2267320808/9m1dxis8i287vq9rcgvx_normal.jpeg",
      "profile_link_color": "1DA1F2",
      "profile_sidebar_border_color": "C0DEED",
      "profile_sidebar_fill_color": "DDEEF6",
      "profile_text_color": "333333",
      "profile_use_background_image": true,
      "has_extended_profile": false,
      "default_profile": true,
      "default_profile_image": false,
      "following": null,
      "follow_request_sent": null,
      "notifications": null,
      "translator_type": "none"
    },
    "geo": null,
    "coordinates": null,
    "place": null,
    "contributors": null,
    "is_quote_status": false,
    "retweet_count": 956,
    "favorite_count": 756,
    "favorited": false,
    "retweeted": false,
    "lang": "en"
  }
]
