[
  {
    "created_at": "Sat Jun 10 19:25:29 +0000 2017",
    "id": 873622164624228400,
    "id_str": "873622164624228352",
    "text": "Celebrate Adam West's life with 22 of the funniest minutes ever put to videotape: https://t.co/VrlNdjRxQY",
    "truncated": false,
    "entities": {
      "hashtags": [],
      "symbols": [],
      "user_mentions": [],
      "urls": [
        {
          "url": "https://t.co/VrlNdjRxQY",
          "expanded_url": "https://www.youtube.com/watch?v=dBQ3HbB0c8Y",
          "display_url": "youtube.com/watch?v=dBQ3Hb…",
          "indices": [
            82,
            105
          ]
        }
      ]
    },
    "source": "<a href=\"http://twitter.com\" rel=\"nofollow\">Twitter Web Client</a>",
    "in_reply_to_status_id": null,
    "in_reply_to_status_id_str": null,
    "in_reply_to_user_id": null,
    "in_reply_to_user_id_str": null,
    "in_reply_to_screen_name": null,
    "user": {
      "id": 5943622,
      "id_str": "5943622",
      "name": "Marc Andreessen",
      "screen_name": "pmarca",
      "location": "Menlo Park, CA",
      "description": "\"There are two motives for reading a book; one, that you enjoy it; the other, that you can boast about it.\" -Bertrand Russell",
      "url": "http://t.co/kn6m038bNW",
      "entities": {
        "url": {
          "urls": [
            {
              "url": "http://t.co/kn6m038bNW",
              "expanded_url": "http://www.a16z.com",
              "display_url": "a16z.com",
              "indices": [
                0,
                22
              ]
            }
          ]
        },
        "description": {
          "urls": []
        }
      },
      "protected": false,
      "followers_count": 654675,
      "friends_count": 14151,
      "listed_count": 10654,
      "created_at": "Thu May 10 23:39:54 +0000 2007",
      "favourites_count": 275207,
      "utc_offset": -25200,
      "time_zone": "Pacific Time (US & Canada)",
      "geo_enabled": false,
      "verified": true,
      "statuses_count": 94,
      "lang": "en",
      "contributors_enabled": false,
      "is_translator": false,
      "is_translation_enabled": false,
      "profile_background_color": "131516",
      "profile_background_image_url": "http://pbs.twimg.com/profile_background_images/378800000162904615/QUPx_0yO.jpeg",
      "profile_background_image_url_https": "https://pbs.twimg.com/profile_background_images/378800000162904615/QUPx_0yO.jpeg",
      "profile_background_tile": true,
      "profile_image_url": "http://pbs.twimg.com/profile_images/873001402682847233/ee7Z9uuj_normal.jpg",
      "profile_image_url_https": "https://pbs.twimg.com/profile_images/873001402682847233/ee7Z9uuj_normal.jpg",
      "profile_banner_url": "https://pbs.twimg.com/profile_banners/5943622/1496974691",
      "profile_link_color": "12297A",
      "profile_sidebar_border_color": "FFFFFF",
      "profile_sidebar_fill_color": "EFEFEF",
      "profile_text_color": "333333",
      "profile_use_background_image": true,
      "has_extended_profile": false,
      "default_profile": false,
      "default_profile_image": false,
      "following": null,
      "follow_request_sent": null,
      "notifications": null,
      "translator_type": "none"
    },
    "geo": null,
    "coordinates": null,
    "place": null,
    "contributors": null,
    "is_quote_status": false,
    "retweet_count": 73,
    "favorite_count": 218,
    "favorited": false,
    "retweeted": false,
    "possibly_sensitive": false,
    "lang": "en"
  },
  {
    "created_at": "Sat Jun 10 04:10:31 +0000 2017",
    "id": 873391905484062700,
    "id_str": "873391905484062720",
    "text": "Stock and flow. https://t.co/AcIkBUy5aK ht @delong https://t.co/DeXyYexLKO",
    "truncated": false,
    "entities": {
      "hashtags": [],
      "symbols": [],
      "user_mentions": [
        {
          "screen_name": "delong",
          "name": "Brad DeLong",
          "id": 10778572,
          "id_str": "10778572",
          "indices": [
            43,
            50
          ]
        }
      ],
      "urls": [
        {
          "url": "https://t.co/AcIkBUy5aK",
          "expanded_url": "http://snarkmarket.com/2010/4890",
          "display_url": "snarkmarket.com/2010/4890",
          "indices": [
            16,
            39
          ]
        }
      ],
      "media": [
        {
          "id": 873391896705384400,
          "id_str": "873391896705384448",
          "indices": [
            51,
            74
          ],
          "media_url": "http://pbs.twimg.com/media/DB7pTXjUQAAQYrR.jpg",
          "media_url_https": "https://pbs.twimg.com/media/DB7pTXjUQAAQYrR.jpg",
          "url": "https://t.co/DeXyYexLKO",
          "display_url": "pic.twitter.com/DeXyYexLKO",
          "expanded_url": "https://twitter.com/pmarca/status/873391905484062720/photo/1",
          "type": "photo",
          "sizes": {
            "medium": {
              "w": 1200,
              "h": 842,
              "resize": "fit"
            },
            "thumb": {
              "w": 150,
              "h": 150,
              "resize": "crop"
            },
            "small": {
              "w": 680,
              "h": 477,
              "resize": "fit"
            },
            "large": {
              "w": 1305,
              "h": 916,
              "resize": "fit"
            }
          }
        }
      ]
    },
    "extended_entities": {
      "media": [
        {
          "id": 873391896705384400,
          "id_str": "873391896705384448",
          "indices": [
            51,
            74
          ],
          "media_url": "http://pbs.twimg.com/media/DB7pTXjUQAAQYrR.jpg",
          "media_url_https": "https://pbs.twimg.com/media/DB7pTXjUQAAQYrR.jpg",
          "url": "https://t.co/DeXyYexLKO",
          "display_url": "pic.twitter.com/DeXyYexLKO",
          "expanded_url": "https://twitter.com/pmarca/status/873391905484062720/photo/1",
          "type": "photo",
          "sizes": {
            "medium": {
              "w": 1200,
              "h": 842,
              "resize": "fit"
            },
            "thumb": {
              "w": 150,
              "h": 150,
              "resize": "crop"
            },
            "small": {
              "w": 680,
              "h": 477,
              "resize": "fit"
            },
            "large": {
              "w": 1305,
              "h": 916,
              "resize": "fit"
            }
          }
        }
      ]
    },
    "source": "<a href=\"http://twitter.com/#!/download/ipad\" rel=\"nofollow\">Twitter for iPad</a>",
    "in_reply_to_status_id": null,
    "in_reply_to_status_id_str": null,
    "in_reply_to_user_id": null,
    "in_reply_to_user_id_str": null,
    "in_reply_to_screen_name": null,
    "user": {
      "id": 5943622,
      "id_str": "5943622",
      "name": "Marc Andreessen",
      "screen_name": "pmarca",
      "location": "Menlo Park, CA",
      "description": "\"There are two motives for reading a book; one, that you enjoy it; the other, that you can boast about it.\" -Bertrand Russell",
      "url": "http://t.co/kn6m038bNW",
      "entities": {
        "url": {
          "urls": [
            {
              "url": "http://t.co/kn6m038bNW",
              "expanded_url": "http://www.a16z.com",
              "display_url": "a16z.com",
              "indices": [
                0,
                22
              ]
            }
          ]
        },
        "description": {
          "urls": []
        }
      },
      "protected": false,
      "followers_count": 654675,
      "friends_count": 14151,
      "listed_count": 10654,
      "created_at": "Thu May 10 23:39:54 +0000 2007",
      "favourites_count": 275207,
      "utc_offset": -25200,
      "time_zone": "Pacific Time (US & Canada)",
      "geo_enabled": false,
      "verified": true,
      "statuses_count": 94,
      "lang": "en",
      "contributors_enabled": false,
      "is_translator": false,
      "is_translation_enabled": false,
      "profile_background_color": "131516",
      "profile_background_image_url": "http://pbs.twimg.com/profile_background_images/378800000162904615/QUPx_0yO.jpeg",
      "profile_background_image_url_https": "https://pbs.twimg.com/profile_background_images/378800000162904615/QUPx_0yO.jpeg",
      "profile_background_tile": true,
      "profile_image_url": "http://pbs.twimg.com/profile_images/873001402682847233/ee7Z9uuj_normal.jpg",
      "profile_image_url_https": "https://pbs.twimg.com/profile_images/873001402682847233/ee7Z9uuj_normal.jpg",
      "profile_banner_url": "https://pbs.twimg.com/profile_banners/5943622/1496974691",
      "profile_link_color": "12297A",
      "profile_sidebar_border_color": "FFFFFF",
      "profile_sidebar_fill_color": "EFEFEF",
      "profile_text_color": "333333",
      "profile_use_background_image": true,
      "has_extended_profile": false,
      "default_profile": false,
      "default_profile_image": false,
      "following": null,
      "follow_request_sent": null,
      "notifications": null,
      "translator_type": "none"
    },
    "geo": null,
    "coordinates": null,
    "place": null,
    "contributors": null,
    "is_quote_status": false,
    "retweet_count": 303,
    "favorite_count": 774,
    "favorited": false,
    "retweeted": false,
    "possibly_sensitive": false,
    "lang": "en"
  },
  {
    "created_at": "Fri Jun 09 21:11:19 +0000 2017",
    "id": 873286409741754400,
    "id_str": "873286409741754368",
    "text": "My partners @a16z on Company Building 101: https://t.co/LlzFHQwGGi",
    "truncated": false,
    "entities": {
      "hashtags": [],
      "symbols": [],
      "user_mentions": [
        {
          "screen_name": "a16z",
          "name": "a16z",
          "id": 64844802,
          "id_str": "64844802",
          "indices": [
            12,
            17
          ]
        }
      ],
      "urls": [
        {
          "url": "https://t.co/LlzFHQwGGi",
          "expanded_url": "http://a16z.com/tag/company-building-101/",
          "display_url": "a16z.com/tag/company-bu…",
          "indices": [
            43,
            66
          ]
        }
      ]
    },
    "source": "<a href=\"http://twitter.com\" rel=\"nofollow\">Twitter Web Client</a>",
    "in_reply_to_status_id": null,
    "in_reply_to_status_id_str": null,
    "in_reply_to_user_id": null,
    "in_reply_to_user_id_str": null,
    "in_reply_to_screen_name": null,
    "user": {
      "id": 5943622,
      "id_str": "5943622",
      "name": "Marc Andreessen",
      "screen_name": "pmarca",
      "location": "Menlo Park, CA",
      "description": "\"There are two motives for reading a book; one, that you enjoy it; the other, that you can boast about it.\" -Bertrand Russell",
      "url": "http://t.co/kn6m038bNW",
      "entities": {
        "url": {
          "urls": [
            {
              "url": "http://t.co/kn6m038bNW",
              "expanded_url": "http://www.a16z.com",
              "display_url": "a16z.com",
              "indices": [
                0,
                22
              ]
            }
          ]
        },
        "description": {
          "urls": []
        }
      },
      "protected": false,
      "followers_count": 654675,
      "friends_count": 14151,
      "listed_count": 10654,
      "created_at": "Thu May 10 23:39:54 +0000 2007",
      "favourites_count": 275207,
      "utc_offset": -25200,
      "time_zone": "Pacific Time (US & Canada)",
      "geo_enabled": false,
      "verified": true,
      "statuses_count": 94,
      "lang": "en",
      "contributors_enabled": false,
      "is_translator": false,
      "is_translation_enabled": false,
      "profile_background_color": "131516",
      "profile_background_image_url": "http://pbs.twimg.com/profile_background_images/378800000162904615/QUPx_0yO.jpeg",
      "profile_background_image_url_https": "https://pbs.twimg.com/profile_background_images/378800000162904615/QUPx_0yO.jpeg",
      "profile_background_tile": true,
      "profile_image_url": "http://pbs.twimg.com/profile_images/873001402682847233/ee7Z9uuj_normal.jpg",
      "profile_image_url_https": "https://pbs.twimg.com/profile_images/873001402682847233/ee7Z9uuj_normal.jpg",
      "profile_banner_url": "https://pbs.twimg.com/profile_banners/5943622/1496974691",
      "profile_link_color": "12297A",
      "profile_sidebar_border_color": "FFFFFF",
      "profile_sidebar_fill_color": "EFEFEF",
      "profile_text_color": "333333",
      "profile_use_background_image": true,
      "has_extended_profile": false,
      "default_profile": false,
      "default_profile_image": false,
      "following": null,
      "follow_request_sent": null,
      "notifications": null,
      "translator_type": "none"
    },
    "geo": null,
    "coordinates": null,
    "place": null,
    "contributors": null,
    "is_quote_status": false,
    "retweet_count": 125,
    "favorite_count": 527,
    "favorited": false,
    "retweeted": false,
    "possibly_sensitive": false,
    "lang": "en"
  },
  {
    "created_at": "Fri Jun 09 21:08:00 +0000 2017",
    "id": 873285575649800200,
    "id_str": "873285575649800192",
    "text": "My partner @bhorowitz on the *other* half of building a succesful tech startup: distribution. https://t.co/F47N7fFgyj",
    "truncated": false,
    "entities": {
      "hashtags": [],
      "symbols": [],
      "user_mentions": [
        {
          "screen_name": "bhorowitz",
          "name": "Ben Horowitz",
          "id": 16242081,
          "id_str": "16242081",
          "indices": [
            11,
            21
          ]
        }
      ],
      "urls": [
        {
          "url": "https://t.co/F47N7fFgyj",
          "expanded_url": "http://a16z.com/2017/06/09/distribution-model-sales-channels/",
          "display_url": "a16z.com/2017/06/09/dis…",
          "indices": [
            94,
            117
          ]
        }
      ]
    },
    "source": "<a href=\"http://twitter.com\" rel=\"nofollow\">Twitter Web Client</a>",
    "in_reply_to_status_id": null,
    "in_reply_to_status_id_str": null,
    "in_reply_to_user_id": null,
    "in_reply_to_user_id_str": null,
    "in_reply_to_screen_name": null,
    "user": {
      "id": 5943622,
      "id_str": "5943622",
      "name": "Marc Andreessen",
      "screen_name": "pmarca",
      "location": "Menlo Park, CA",
      "description": "\"There are two motives for reading a book; one, that you enjoy it; the other, that you can boast about it.\" -Bertrand Russell",
      "url": "http://t.co/kn6m038bNW",
      "entities": {
        "url": {
          "urls": [
            {
              "url": "http://t.co/kn6m038bNW",
              "expanded_url": "http://www.a16z.com",
              "display_url": "a16z.com",
              "indices": [
                0,
                22
              ]
            }
          ]
        },
        "description": {
          "urls": []
        }
      },
      "protected": false,
      "followers_count": 654675,
      "friends_count": 14151,
      "listed_count": 10654,
      "created_at": "Thu May 10 23:39:54 +0000 2007",
      "favourites_count": 275207,
      "utc_offset": -25200,
      "time_zone": "Pacific Time (US & Canada)",
      "geo_enabled": false,
      "verified": true,
      "statuses_count": 94,
      "lang": "en",
      "contributors_enabled": false,
      "is_translator": false,
      "is_translation_enabled": false,
      "profile_background_color": "131516",
      "profile_background_image_url": "http://pbs.twimg.com/profile_background_images/378800000162904615/QUPx_0yO.jpeg",
      "profile_background_image_url_https": "https://pbs.twimg.com/profile_background_images/378800000162904615/QUPx_0yO.jpeg",
      "profile_background_tile": true,
      "profile_image_url": "http://pbs.twimg.com/profile_images/873001402682847233/ee7Z9uuj_normal.jpg",
      "profile_image_url_https": "https://pbs.twimg.com/profile_images/873001402682847233/ee7Z9uuj_normal.jpg",
      "profile_banner_url": "https://pbs.twimg.com/profile_banners/5943622/1496974691",
      "profile_link_color": "12297A",
      "profile_sidebar_border_color": "FFFFFF",
      "profile_sidebar_fill_color": "EFEFEF",
      "profile_text_color": "333333",
      "profile_use_background_image": true,
      "has_extended_profile": false,
      "default_profile": false,
      "default_profile_image": false,
      "following": null,
      "follow_request_sent": null,
      "notifications": null,
      "translator_type": "none"
    },
    "geo": null,
    "coordinates": null,
    "place": null,
    "contributors": null,
    "is_quote_status": false,
    "retweet_count": 145,
    "favorite_count": 482,
    "favorited": false,
    "retweeted": false,
    "possibly_sensitive": false,
    "lang": "en"
  },
  {
    "created_at": "Fri Jun 09 10:49:14 +0000 2017",
    "id": 873129854891302900,
    "id_str": "873129854891302912",
    "text": "Watching: https://t.co/HJz6aDhkRd https://t.co/fPktZRnsp0",
    "truncated": false,
    "entities": {
      "hashtags": [],
      "symbols": [],
      "user_mentions": [],
      "urls": [
        {
          "url": "https://t.co/HJz6aDhkRd",
          "expanded_url": "https://youtu.be/73bIlOzjFHo",
          "display_url": "youtu.be/73bIlOzjFHo",
          "indices": [
            10,
            33
          ]
        }
      ],
      "media": [
        {
          "id": 873129849879052300,
          "id_str": "873129849879052288",
          "indices": [
            34,
            57
          ],
          "media_url": "http://pbs.twimg.com/media/DB36-PDUwAA6h8I.jpg",
          "media_url_https": "https://pbs.twimg.com/media/DB36-PDUwAA6h8I.jpg",
          "url": "https://t.co/fPktZRnsp0",
          "display_url": "pic.twitter.com/fPktZRnsp0",
          "expanded_url": "https://twitter.com/pmarca/status/873129854891302912/photo/1",
          "type": "photo",
          "sizes": {
            "medium": {
              "w": 750,
              "h": 750,
              "resize": "fit"
            },
            "small": {
              "w": 680,
              "h": 680,
              "resize": "fit"
            },
            "thumb": {
              "w": 150,
              "h": 150,
              "resize": "crop"
            },
            "large": {
              "w": 750,
              "h": 750,
              "resize": "fit"
            }
          }
        }
      ]
    },
    "extended_entities": {
      "media": [
        {
          "id": 873129849879052300,
          "id_str": "873129849879052288",
          "indices": [
            34,
            57
          ],
          "media_url": "http://pbs.twimg.com/media/DB36-PDUwAA6h8I.jpg",
          "media_url_https": "https://pbs.twimg.com/media/DB36-PDUwAA6h8I.jpg",
          "url": "https://t.co/fPktZRnsp0",
          "display_url": "pic.twitter.com/fPktZRnsp0",
          "expanded_url": "https://twitter.com/pmarca/status/873129854891302912/photo/1",
          "type": "photo",
          "sizes": {
            "medium": {
              "w": 750,
              "h": 750,
              "resize": "fit"
            },
            "small": {
              "w": 680,
              "h": 680,
              "resize": "fit"
            },
            "thumb": {
              "w": 150,
              "h": 150,
              "resize": "crop"
            },
            "large": {
              "w": 750,
              "h": 750,
              "resize": "fit"
            }
          }
        }
      ]
    },
    "source": "<a href=\"http://twitter.com/download/iphone\" rel=\"nofollow\">Twitter for iPhone</a>",
    "in_reply_to_status_id": null,
    "in_reply_to_status_id_str": null,
    "in_reply_to_user_id": null,
    "in_reply_to_user_id_str": null,
    "in_reply_to_screen_name": null,
    "user": {
      "id": 5943622,
      "id_str": "5943622",
      "name": "Marc Andreessen",
      "screen_name": "pmarca",
      "location": "Menlo Park, CA",
      "description": "\"There are two motives for reading a book; one, that you enjoy it; the other, that you can boast about it.\" -Bertrand Russell",
      "url": "http://t.co/kn6m038bNW",
      "entities": {
        "url": {
          "urls": [
            {
              "url": "http://t.co/kn6m038bNW",
              "expanded_url": "http://www.a16z.com",
              "display_url": "a16z.com",
              "indices": [
                0,
                22
              ]
            }
          ]
        },
        "description": {
          "urls": []
        }
      },
      "protected": false,
      "followers_count": 654675,
      "friends_count": 14151,
      "listed_count": 10654,
      "created_at": "Thu May 10 23:39:54 +0000 2007",
      "favourites_count": 275207,
      "utc_offset": -25200,
      "time_zone": "Pacific Time (US & Canada)",
      "geo_enabled": false,
      "verified": true,
      "statuses_count": 94,
      "lang": "en",
      "contributors_enabled": false,
      "is_translator": false,
      "is_translation_enabled": false,
      "profile_background_color": "131516",
      "profile_background_image_url": "http://pbs.twimg.com/profile_background_images/378800000162904615/QUPx_0yO.jpeg",
      "profile_background_image_url_https": "https://pbs.twimg.com/profile_background_images/378800000162904615/QUPx_0yO.jpeg",
      "profile_background_tile": true,
      "profile_image_url": "http://pbs.twimg.com/profile_images/873001402682847233/ee7Z9uuj_normal.jpg",
      "profile_image_url_https": "https://pbs.twimg.com/profile_images/873001402682847233/ee7Z9uuj_normal.jpg",
      "profile_banner_url": "https://pbs.twimg.com/profile_banners/5943622/1496974691",
      "profile_link_color": "12297A",
      "profile_sidebar_border_color": "FFFFFF",
      "profile_sidebar_fill_color": "EFEFEF",
      "profile_text_color": "333333",
      "profile_use_background_image": true,
      "has_extended_profile": false,
      "default_profile": false,
      "default_profile_image": false,
      "following": null,
      "follow_request_sent": null,
      "notifications": null,
      "translator_type": "none"
    },
    "geo": null,
    "coordinates": null,
    "place": null,
    "contributors": null,
    "is_quote_status": false,
    "retweet_count": 6,
    "favorite_count": 93,
    "favorited": false,
    "retweeted": false,
    "possibly_sensitive": false,
    "lang": "en"
  },
  {
    "created_at": "Fri Jun 09 08:25:40 +0000 2017",
    "id": 873093728096747500,
    "id_str": "873093728096747521",
    "text": "Ask me anything! $100 per answer. All $ goes to @BlackGirlsCode. Send your questions here: https://t.co/IKp1WAsN4u 😀",
    "truncated": false,
    "entities": {
      "hashtags": [],
      "symbols": [],
      "user_mentions": [
        {
          "screen_name": "BlackGirlsCode",
          "name": "BlackGirlsCode.Com",
          "id": 291814511,
          "id_str": "291814511",
          "indices": [
            48,
            63
          ]
        }
      ],
      "urls": [
        {
          "url": "https://t.co/IKp1WAsN4u",
          "expanded_url": "https://21.co/pmarca/",
          "display_url": "21.co/pmarca/",
          "indices": [
            91,
            114
          ]
        }
      ]
    },
    "source": "<a href=\"http://twitter.com/#!/download/ipad\" rel=\"nofollow\">Twitter for iPad</a>",
    "in_reply_to_status_id": null,
    "in_reply_to_status_id_str": null,
    "in_reply_to_user_id": null,
    "in_reply_to_user_id_str": null,
    "in_reply_to_screen_name": null,
    "user": {
      "id": 5943622,
      "id_str": "5943622",
      "name": "Marc Andreessen",
      "screen_name": "pmarca",
      "location": "Menlo Park, CA",
      "description": "\"There are two motives for reading a book; one, that you enjoy it; the other, that you can boast about it.\" -Bertrand Russell",
      "url": "http://t.co/kn6m038bNW",
      "entities": {
        "url": {
          "urls": [
            {
              "url": "http://t.co/kn6m038bNW",
              "expanded_url": "http://www.a16z.com",
              "display_url": "a16z.com",
              "indices": [
                0,
                22
              ]
            }
          ]
        },
        "description": {
          "urls": []
        }
      },
      "protected": false,
      "followers_count": 654675,
      "friends_count": 14151,
      "listed_count": 10654,
      "created_at": "Thu May 10 23:39:54 +0000 2007",
      "favourites_count": 275207,
      "utc_offset": -25200,
      "time_zone": "Pacific Time (US & Canada)",
      "geo_enabled": false,
      "verified": true,
      "statuses_count": 94,
      "lang": "en",
      "contributors_enabled": false,
      "is_translator": false,
      "is_translation_enabled": false,
      "profile_background_color": "131516",
      "profile_background_image_url": "http://pbs.twimg.com/profile_background_images/378800000162904615/QUPx_0yO.jpeg",
      "profile_background_image_url_https": "https://pbs.twimg.com/profile_background_images/378800000162904615/QUPx_0yO.jpeg",
      "profile_background_tile": true,
      "profile_image_url": "http://pbs.twimg.com/profile_images/873001402682847233/ee7Z9uuj_normal.jpg",
      "profile_image_url_https": "https://pbs.twimg.com/profile_images/873001402682847233/ee7Z9uuj_normal.jpg",
      "profile_banner_url": "https://pbs.twimg.com/profile_banners/5943622/1496974691",
      "profile_link_color": "12297A",
      "profile_sidebar_border_color": "FFFFFF",
      "profile_sidebar_fill_color": "EFEFEF",
      "profile_text_color": "333333",
      "profile_use_background_image": true,
      "has_extended_profile": false,
      "default_profile": false,
      "default_profile_image": false,
      "following": null,
      "follow_request_sent": null,
      "notifications": null,
      "translator_type": "none"
    },
    "geo": null,
    "coordinates": null,
    "place": null,
    "contributors": null,
    "is_quote_status": false,
    "retweet_count": 213,
    "favorite_count": 361,
    "favorited": false,
    "retweeted": false,
    "possibly_sensitive": false,
    "lang": "en"
  },
  {
    "created_at": "Fri Jun 09 07:28:02 +0000 2017",
    "id": 873079224092864500,
    "id_str": "873079224092864512",
    "text": "https://t.co/2PlzzsOFVM HT @MargRev https://t.co/fBtJ5eIBf7",
    "truncated": false,
    "entities": {
      "hashtags": [],
      "symbols": [],
      "user_mentions": [
        {
          "screen_name": "MargRev",
          "name": "Marginal Revolution",
          "id": 252672612,
          "id_str": "252672612",
          "indices": [
            27,
            35
          ]
        }
      ],
      "urls": [
        {
          "url": "https://t.co/2PlzzsOFVM",
          "expanded_url": "http://dotat.at/tmp/hung.pdf",
          "display_url": "dotat.at/tmp/hung.pdf",
          "indices": [
            0,
            23
          ]
        }
      ],
      "media": [
        {
          "id": 873079214613733400,
          "id_str": "873079214613733376",
          "indices": [
            36,
            59
          ],
          "media_url": "http://pbs.twimg.com/media/DB3M63_UIAAGmdw.jpg",
          "media_url_https": "https://pbs.twimg.com/media/DB3M63_UIAAGmdw.jpg",
          "url": "https://t.co/fBtJ5eIBf7",
          "display_url": "pic.twitter.com/fBtJ5eIBf7",
          "expanded_url": "https://twitter.com/pmarca/status/873079224092864512/photo/1",
          "type": "photo",
          "sizes": {
            "large": {
              "w": 1605,
              "h": 1066,
              "resize": "fit"
            },
            "thumb": {
              "w": 150,
              "h": 150,
              "resize": "crop"
            },
            "small": {
              "w": 680,
              "h": 452,
              "resize": "fit"
            },
            "medium": {
              "w": 1200,
              "h": 797,
              "resize": "fit"
            }
          }
        }
      ]
    },
    "extended_entities": {
      "media": [
        {
          "id": 873079214613733400,
          "id_str": "873079214613733376",
          "indices": [
            36,
            59
          ],
          "media_url": "http://pbs.twimg.com/media/DB3M63_UIAAGmdw.jpg",
          "media_url_https": "https://pbs.twimg.com/media/DB3M63_UIAAGmdw.jpg",
          "url": "https://t.co/fBtJ5eIBf7",
          "display_url": "pic.twitter.com/fBtJ5eIBf7",
          "expanded_url": "https://twitter.com/pmarca/status/873079224092864512/photo/1",
          "type": "photo",
          "sizes": {
            "large": {
              "w": 1605,
              "h": 1066,
              "resize": "fit"
            },
            "thumb": {
              "w": 150,
              "h": 150,
              "resize": "crop"
            },
            "small": {
              "w": 680,
              "h": 452,
              "resize": "fit"
            },
            "medium": {
              "w": 1200,
              "h": 797,
              "resize": "fit"
            }
          }
        }
      ]
    },
    "source": "<a href=\"http://twitter.com/#!/download/ipad\" rel=\"nofollow\">Twitter for iPad</a>",
    "in_reply_to_status_id": null,
    "in_reply_to_status_id_str": null,
    "in_reply_to_user_id": null,
    "in_reply_to_user_id_str": null,
    "in_reply_to_screen_name": null,
    "user": {
      "id": 5943622,
      "id_str": "5943622",
      "name": "Marc Andreessen",
      "screen_name": "pmarca",
      "location": "Menlo Park, CA",
      "description": "\"There are two motives for reading a book; one, that you enjoy it; the other, that you can boast about it.\" -Bertrand Russell",
      "url": "http://t.co/kn6m038bNW",
      "entities": {
        "url": {
          "urls": [
            {
              "url": "http://t.co/kn6m038bNW",
              "expanded_url": "http://www.a16z.com",
              "display_url": "a16z.com",
              "indices": [
                0,
                22
              ]
            }
          ]
        },
        "description": {
          "urls": []
        }
      },
      "protected": false,
      "followers_count": 654675,
      "friends_count": 14151,
      "listed_count": 10654,
      "created_at": "Thu May 10 23:39:54 +0000 2007",
      "favourites_count": 275207,
      "utc_offset": -25200,
      "time_zone": "Pacific Time (US & Canada)",
      "geo_enabled": false,
      "verified": true,
      "statuses_count": 94,
      "lang": "en",
      "contributors_enabled": false,
      "is_translator": false,
      "is_translation_enabled": false,
      "profile_background_color": "131516",
      "profile_background_image_url": "http://pbs.twimg.com/profile_background_images/378800000162904615/QUPx_0yO.jpeg",
      "profile_background_image_url_https": "https://pbs.twimg.com/profile_background_images/378800000162904615/QUPx_0yO.jpeg",
      "profile_background_tile": true,
      "profile_image_url": "http://pbs.twimg.com/profile_images/873001402682847233/ee7Z9uuj_normal.jpg",
      "profile_image_url_https": "https://pbs.twimg.com/profile_images/873001402682847233/ee7Z9uuj_normal.jpg",
      "profile_banner_url": "https://pbs.twimg.com/profile_banners/5943622/1496974691",
      "profile_link_color": "12297A",
      "profile_sidebar_border_color": "FFFFFF",
      "profile_sidebar_fill_color": "EFEFEF",
      "profile_text_color": "333333",
      "profile_use_background_image": true,
      "has_extended_profile": false,
      "default_profile": false,
      "default_profile_image": false,
      "following": null,
      "follow_request_sent": null,
      "notifications": null,
      "translator_type": "none"
    },
    "geo": null,
    "coordinates": null,
    "place": null,
    "contributors": null,
    "is_quote_status": false,
    "retweet_count": 15,
    "favorite_count": 75,
    "favorited": false,
    "retweeted": false,
    "possibly_sensitive": false,
    "lang": "und"
  },
  {
    "created_at": "Fri Jun 09 07:22:01 +0000 2017",
    "id": 873077707239637000,
    "id_str": "873077707239636992",
    "text": "https://t.co/z3FvCgJtiZ https://t.co/dmWZhBcCco",
    "truncated": false,
    "entities": {
      "hashtags": [],
      "symbols": [],
      "user_mentions": [],
      "urls": [
        {
          "url": "https://t.co/z3FvCgJtiZ",
          "expanded_url": "https://mobile.nytimes.com/2017/06/07/technology/why-car-companies-are-hiring-computer-security-experts.html",
          "display_url": "mobile.nytimes.com/2017/06/07/tec…",
          "indices": [
            0,
            23
          ]
        }
      ],
      "media": [
        {
          "id": 873077701724090400,
          "id_str": "873077701724090368",
          "indices": [
            24,
            47
          ],
          "media_url": "http://pbs.twimg.com/media/DB3Li0CUMAAkbwy.jpg",
          "media_url_https": "https://pbs.twimg.com/media/DB3Li0CUMAAkbwy.jpg",
          "url": "https://t.co/dmWZhBcCco",
          "display_url": "pic.twitter.com/dmWZhBcCco",
          "expanded_url": "https://twitter.com/pmarca/status/873077707239636992/photo/1",
          "type": "photo",
          "sizes": {
            "large": {
              "w": 1476,
              "h": 436,
              "resize": "fit"
            },
            "thumb": {
              "w": 150,
              "h": 150,
              "resize": "crop"
            },
            "small": {
              "w": 680,
              "h": 201,
              "resize": "fit"
            },
            "medium": {
              "w": 1200,
              "h": 354,
              "resize": "fit"
            }
          }
        }
      ]
    },
    "extended_entities": {
      "media": [
        {
          "id": 873077701724090400,
          "id_str": "873077701724090368",
          "indices": [
            24,
            47
          ],
          "media_url": "http://pbs.twimg.com/media/DB3Li0CUMAAkbwy.jpg",
          "media_url_https": "https://pbs.twimg.com/media/DB3Li0CUMAAkbwy.jpg",
          "url": "https://t.co/dmWZhBcCco",
          "display_url": "pic.twitter.com/dmWZhBcCco",
          "expanded_url": "https://twitter.com/pmarca/status/873077707239636992/photo/1",
          "type": "photo",
          "sizes": {
            "large": {
              "w": 1476,
              "h": 436,
              "resize": "fit"
            },
            "thumb": {
              "w": 150,
              "h": 150,
              "resize": "crop"
            },
            "small": {
              "w": 680,
              "h": 201,
              "resize": "fit"
            },
            "medium": {
              "w": 1200,
              "h": 354,
              "resize": "fit"
            }
          }
        }
      ]
    },
    "source": "<a href=\"http://twitter.com/oneshot\" rel=\"nofollow\">OneShot - Take screenshots</a>",
    "in_reply_to_status_id": null,
    "in_reply_to_status_id_str": null,
    "in_reply_to_user_id": null,
    "in_reply_to_user_id_str": null,
    "in_reply_to_screen_name": null,
    "user": {
      "id": 5943622,
      "id_str": "5943622",
      "name": "Marc Andreessen",
      "screen_name": "pmarca",
      "location": "Menlo Park, CA",
      "description": "\"There are two motives for reading a book; one, that you enjoy it; the other, that you can boast about it.\" -Bertrand Russell",
      "url": "http://t.co/kn6m038bNW",
      "entities": {
        "url": {
          "urls": [
            {
              "url": "http://t.co/kn6m038bNW",
              "expanded_url": "http://www.a16z.com",
              "display_url": "a16z.com",
              "indices": [
                0,
                22
              ]
            }
          ]
        },
        "description": {
          "urls": []
        }
      },
      "protected": false,
      "followers_count": 654675,
      "friends_count": 14151,
      "listed_count": 10654,
      "created_at": "Thu May 10 23:39:54 +0000 2007",
      "favourites_count": 275207,
      "utc_offset": -25200,
      "time_zone": "Pacific Time (US & Canada)",
      "geo_enabled": false,
      "verified": true,
      "statuses_count": 94,
      "lang": "en",
      "contributors_enabled": false,
      "is_translator": false,
      "is_translation_enabled": false,
      "profile_background_color": "131516",
      "profile_background_image_url": "http://pbs.twimg.com/profile_background_images/378800000162904615/QUPx_0yO.jpeg",
      "profile_background_image_url_https": "https://pbs.twimg.com/profile_background_images/378800000162904615/QUPx_0yO.jpeg",
      "profile_background_tile": true,
      "profile_image_url": "http://pbs.twimg.com/profile_images/873001402682847233/ee7Z9uuj_normal.jpg",
      "profile_image_url_https": "https://pbs.twimg.com/profile_images/873001402682847233/ee7Z9uuj_normal.jpg",
      "profile_banner_url": "https://pbs.twimg.com/profile_banners/5943622/1496974691",
      "profile_link_color": "12297A",
      "profile_sidebar_border_color": "FFFFFF",
      "profile_sidebar_fill_color": "EFEFEF",
      "profile_text_color": "333333",
      "profile_use_background_image": true,
      "has_extended_profile": false,
      "default_profile": false,
      "default_profile_image": false,
      "following": null,
      "follow_request_sent": null,
      "notifications": null,
      "translator_type": "none"
    },
    "geo": null,
    "coordinates": null,
    "place": null,
    "contributors": null,
    "is_quote_status": false,
    "retweet_count": 115,
    "favorite_count": 205,
    "favorited": false,
    "retweeted": false,
    "possibly_sensitive": false,
    "lang": "und"
  },
  {
    "created_at": "Fri Jun 09 07:05:31 +0000 2017",
    "id": 873073555264557000,
    "id_str": "873073555264557056",
    "text": "Listened -- this was AMAZING: https://t.co/Zt9DxGIky5",
    "truncated": false,
    "entities": {
      "hashtags": [],
      "symbols": [],
      "user_mentions": [],
      "urls": [],
      "media": [
        {
          "id": 873073542295724000,
          "id_str": "873073542295724032",
          "indices": [
            30,
            53
          ],
          "media_url": "http://pbs.twimg.com/media/DB3Hws9UIAAPYL5.jpg",
          "media_url_https": "https://pbs.twimg.com/media/DB3Hws9UIAAPYL5.jpg",
          "url": "https://t.co/Zt9DxGIky5",
          "display_url": "pic.twitter.com/Zt9DxGIky5",
          "expanded_url": "https://twitter.com/pmarca/status/873073555264557056/photo/1",
          "type": "photo",
          "sizes": {
            "small": {
              "w": 680,
              "h": 677,
              "resize": "fit"
            },
            "large": {
              "w": 749,
              "h": 746,
              "resize": "fit"
            },
            "thumb": {
              "w": 150,
              "h": 150,
              "resize": "crop"
            },
            "medium": {
              "w": 749,
              "h": 746,
              "resize": "fit"
            }
          }
        }
      ]
    },
    "extended_entities": {
      "media": [
        {
          "id": 873073542295724000,
          "id_str": "873073542295724032",
          "indices": [
            30,
            53
          ],
          "media_url": "http://pbs.twimg.com/media/DB3Hws9UIAAPYL5.jpg",
          "media_url_https": "https://pbs.twimg.com/media/DB3Hws9UIAAPYL5.jpg",
          "url": "https://t.co/Zt9DxGIky5",
          "display_url": "pic.twitter.com/Zt9DxGIky5",
          "expanded_url": "https://twitter.com/pmarca/status/873073555264557056/photo/1",
          "type": "photo",
          "sizes": {
            "small": {
              "w": 680,
              "h": 677,
              "resize": "fit"
            },
            "large": {
              "w": 749,
              "h": 746,
              "resize": "fit"
            },
            "thumb": {
              "w": 150,
              "h": 150,
              "resize": "crop"
            },
            "medium": {
              "w": 749,
              "h": 746,
              "resize": "fit"
            }
          }
        }
      ]
    },
    "source": "<a href=\"http://twitter.com/download/iphone\" rel=\"nofollow\">Twitter for iPhone</a>",
    "in_reply_to_status_id": null,
    "in_reply_to_status_id_str": null,
    "in_reply_to_user_id": null,
    "in_reply_to_user_id_str": null,
    "in_reply_to_screen_name": null,
    "user": {
      "id": 5943622,
      "id_str": "5943622",
      "name": "Marc Andreessen",
      "screen_name": "pmarca",
      "location": "Menlo Park, CA",
      "description": "\"There are two motives for reading a book; one, that you enjoy it; the other, that you can boast about it.\" -Bertrand Russell",
      "url": "http://t.co/kn6m038bNW",
      "entities": {
        "url": {
          "urls": [
            {
              "url": "http://t.co/kn6m038bNW",
              "expanded_url": "http://www.a16z.com",
              "display_url": "a16z.com",
              "indices": [
                0,
                22
              ]
            }
          ]
        },
        "description": {
          "urls": []
        }
      },
      "protected": false,
      "followers_count": 654675,
      "friends_count": 14151,
      "listed_count": 10654,
      "created_at": "Thu May 10 23:39:54 +0000 2007",
      "favourites_count": 275207,
      "utc_offset": -25200,
      "time_zone": "Pacific Time (US & Canada)",
      "geo_enabled": false,
      "verified": true,
      "statuses_count": 94,
      "lang": "en",
      "contributors_enabled": false,
      "is_translator": false,
      "is_translation_enabled": false,
      "profile_background_color": "131516",
      "profile_background_image_url": "http://pbs.twimg.com/profile_background_images/378800000162904615/QUPx_0yO.jpeg",
      "profile_background_image_url_https": "https://pbs.twimg.com/profile_background_images/378800000162904615/QUPx_0yO.jpeg",
      "profile_background_tile": true,
      "profile_image_url": "http://pbs.twimg.com/profile_images/873001402682847233/ee7Z9uuj_normal.jpg",
      "profile_image_url_https": "https://pbs.twimg.com/profile_images/873001402682847233/ee7Z9uuj_normal.jpg",
      "profile_banner_url": "https://pbs.twimg.com/profile_banners/5943622/1496974691",
      "profile_link_color": "12297A",
      "profile_sidebar_border_color": "FFFFFF",
      "profile_sidebar_fill_color": "EFEFEF",
      "profile_text_color": "333333",
      "profile_use_background_image": true,
      "has_extended_profile": false,
      "default_profile": false,
      "default_profile_image": false,
      "following": null,
      "follow_request_sent": null,
      "notifications": null,
      "translator_type": "none"
    },
    "geo": null,
    "coordinates": null,
    "place": null,
    "contributors": null,
    "is_quote_status": false,
    "retweet_count": 60,
    "favorite_count": 474,
    "favorited": false,
    "retweeted": false,
    "possibly_sensitive": false,
    "lang": "en"
  },
  {
    "created_at": "Fri Jun 09 07:02:40 +0000 2017",
    "id": 873072838856462300,
    "id_str": "873072838856462336",
    "text": "Currently listening: https://t.co/4wM32FJ04p",
    "truncated": false,
    "entities": {
      "hashtags": [],
      "symbols": [],
      "user_mentions": [],
      "urls": [],
      "media": [
        {
          "id": 873072821064179700,
          "id_str": "873072821064179712",
          "indices": [
            21,
            44
          ],
          "media_url": "http://pbs.twimg.com/media/DB3HGuKUIAAhsV7.jpg",
          "media_url_https": "https://pbs.twimg.com/media/DB3HGuKUIAAhsV7.jpg",
          "url": "https://t.co/4wM32FJ04p",
          "display_url": "pic.twitter.com/4wM32FJ04p",
          "expanded_url": "https://twitter.com/pmarca/status/873072838856462336/photo/1",
          "type": "photo",
          "sizes": {
            "large": {
              "w": 750,
              "h": 1334,
              "resize": "fit"
            },
            "medium": {
              "w": 675,
              "h": 1200,
              "resize": "fit"
            },
            "thumb": {
              "w": 150,
              "h": 150,
              "resize": "crop"
            },
            "small": {
              "w": 382,
              "h": 680,
              "resize": "fit"
            }
          }
        }
      ]
    },
    "extended_entities": {
      "media": [
        {
          "id": 873072821064179700,
          "id_str": "873072821064179712",
          "indices": [
            21,
            44
          ],
          "media_url": "http://pbs.twimg.com/media/DB3HGuKUIAAhsV7.jpg",
          "media_url_https": "https://pbs.twimg.com/media/DB3HGuKUIAAhsV7.jpg",
          "url": "https://t.co/4wM32FJ04p",
          "display_url": "pic.twitter.com/4wM32FJ04p",
          "expanded_url": "https://twitter.com/pmarca/status/873072838856462336/photo/1",
          "type": "photo",
          "sizes": {
            "large": {
              "w": 750,
              "h": 1334,
              "resize": "fit"
            },
            "medium": {
              "w": 675,
              "h": 1200,
              "resize": "fit"
            },
            "thumb": {
              "w": 150,
              "h": 150,
              "resize": "crop"
            },
            "small": {
              "w": 382,
              "h": 680,
              "resize": "fit"
            }
          }
        }
      ]
    },
    "source": "<a href=\"http://twitter.com/download/iphone\" rel=\"nofollow\">Twitter for iPhone</a>",
    "in_reply_to_status_id": null,
    "in_reply_to_status_id_str": null,
    "in_reply_to_user_id": null,
    "in_reply_to_user_id_str": null,
    "in_reply_to_screen_name": null,
    "user": {
      "id": 5943622,
      "id_str": "5943622",
      "name": "Marc Andreessen",
      "screen_name": "pmarca",
      "location": "Menlo Park, CA",
      "description": "\"There are two motives for reading a book; one, that you enjoy it; the other, that you can boast about it.\" -Bertrand Russell",
      "url": "http://t.co/kn6m038bNW",
      "entities": {
        "url": {
          "urls": [
            {
              "url": "http://t.co/kn6m038bNW",
              "expanded_url": "http://www.a16z.com",
              "display_url": "a16z.com",
              "indices": [
                0,
                22
              ]
            }
          ]
        },
        "description": {
          "urls": []
        }
      },
      "protected": false,
      "followers_count": 654675,
      "friends_count": 14151,
      "listed_count": 10654,
      "created_at": "Thu May 10 23:39:54 +0000 2007",
      "favourites_count": 275207,
      "utc_offset": -25200,
      "time_zone": "Pacific Time (US & Canada)",
      "geo_enabled": false,
      "verified": true,
      "statuses_count": 94,
      "lang": "en",
      "contributors_enabled": false,
      "is_translator": false,
      "is_translation_enabled": false,
      "profile_background_color": "131516",
      "profile_background_image_url": "http://pbs.twimg.com/profile_background_images/378800000162904615/QUPx_0yO.jpeg",
      "profile_background_image_url_https": "https://pbs.twimg.com/profile_background_images/378800000162904615/QUPx_0yO.jpeg",
      "profile_background_tile": true,
      "profile_image_url": "http://pbs.twimg.com/profile_images/873001402682847233/ee7Z9uuj_normal.jpg",
      "profile_image_url_https": "https://pbs.twimg.com/profile_images/873001402682847233/ee7Z9uuj_normal.jpg",
      "profile_banner_url": "https://pbs.twimg.com/profile_banners/5943622/1496974691",
      "profile_link_color": "12297A",
      "profile_sidebar_border_color": "FFFFFF",
      "profile_sidebar_fill_color": "EFEFEF",
      "profile_text_color": "333333",
      "profile_use_background_image": true,
      "has_extended_profile": false,
      "default_profile": false,
      "default_profile_image": false,
      "following": null,
      "follow_request_sent": null,
      "notifications": null,
      "translator_type": "none"
    },
    "geo": null,
    "coordinates": null,
    "place": null,
    "contributors": null,
    "is_quote_status": false,
    "retweet_count": 14,
    "favorite_count": 101,
    "favorited": false,
    "retweeted": false,
    "possibly_sensitive": false,
    "lang": "en"
  },
  {
    "created_at": "Fri Jun 09 02:41:45 +0000 2017",
    "id": 873007178692444200,
    "id_str": "873007178692444161",
    "text": "Currently reading: The Rise of Superman: Decoding the Science of Ultimate Human Performance https://t.co/9gnpjB0nj2",
    "truncated": false,
    "entities": {
      "hashtags": [],
      "symbols": [],
      "user_mentions": [],
      "urls": [
        {
          "url": "https://t.co/9gnpjB0nj2",
          "expanded_url": "https://www.amazon.com/dp/1477800832/ref=cm_sw_r_cp_api_uRGozb934XCWG",
          "display_url": "amazon.com/dp/1477800832/…",
          "indices": [
            92,
            115
          ]
        }
      ]
    },
    "source": "<a href=\"http://twitter.com/download/iphone\" rel=\"nofollow\">Twitter for iPhone</a>",
    "in_reply_to_status_id": null,
    "in_reply_to_status_id_str": null,
    "in_reply_to_user_id": null,
    "in_reply_to_user_id_str": null,
    "in_reply_to_screen_name": null,
    "user": {
      "id": 5943622,
      "id_str": "5943622",
      "name": "Marc Andreessen",
      "screen_name": "pmarca",
      "location": "Menlo Park, CA",
      "description": "\"There are two motives for reading a book; one, that you enjoy it; the other, that you can boast about it.\" -Bertrand Russell",
      "url": "http://t.co/kn6m038bNW",
      "entities": {
        "url": {
          "urls": [
            {
              "url": "http://t.co/kn6m038bNW",
              "expanded_url": "http://www.a16z.com",
              "display_url": "a16z.com",
              "indices": [
                0,
                22
              ]
            }
          ]
        },
        "description": {
          "urls": []
        }
      },
      "protected": false,
      "followers_count": 654675,
      "friends_count": 14151,
      "listed_count": 10654,
      "created_at": "Thu May 10 23:39:54 +0000 2007",
      "favourites_count": 275207,
      "utc_offset": -25200,
      "time_zone": "Pacific Time (US & Canada)",
      "geo_enabled": false,
      "verified": true,
      "statuses_count": 94,
      "lang": "en",
      "contributors_enabled": false,
      "is_translator": false,
      "is_translation_enabled": false,
      "profile_background_color": "131516",
      "profile_background_image_url": "http://pbs.twimg.com/profile_background_images/378800000162904615/QUPx_0yO.jpeg",
      "profile_background_image_url_https": "https://pbs.twimg.com/profile_background_images/378800000162904615/QUPx_0yO.jpeg",
      "profile_background_tile": true,
      "profile_image_url": "http://pbs.twimg.com/profile_images/873001402682847233/ee7Z9uuj_normal.jpg",
      "profile_image_url_https": "https://pbs.twimg.com/profile_images/873001402682847233/ee7Z9uuj_normal.jpg",
      "profile_banner_url": "https://pbs.twimg.com/profile_banners/5943622/1496974691",
      "profile_link_color": "12297A",
      "profile_sidebar_border_color": "FFFFFF",
      "profile_sidebar_fill_color": "EFEFEF",
      "profile_text_color": "333333",
      "profile_use_background_image": true,
      "has_extended_profile": false,
      "default_profile": false,
      "default_profile_image": false,
      "following": null,
      "follow_request_sent": null,
      "notifications": null,
      "translator_type": "none"
    },
    "geo": null,
    "coordinates": null,
    "place": null,
    "contributors": null,
    "is_quote_status": false,
    "retweet_count": 75,
    "favorite_count": 445,
    "favorited": false,
    "retweeted": false,
    "possibly_sensitive": false,
    "lang": "en"
  },
  {
    "created_at": "Fri Jun 09 02:41:04 +0000 2017",
    "id": 873007003873951700,
    "id_str": "873007003873951744",
    "text": "Currently reading: How America Lost Its Secrets: Edward Snowden, the Man and the Theft https://t.co/1LALdrbp1u",
    "truncated": false,
    "entities": {
      "hashtags": [],
      "symbols": [],
      "user_mentions": [],
      "urls": [
        {
          "url": "https://t.co/1LALdrbp1u",
          "expanded_url": "https://www.amazon.com/dp/0451494563/ref=cm_sw_r_cp_api_VQGozb6E2T05T",
          "display_url": "amazon.com/dp/0451494563/…",
          "indices": [
            87,
            110
          ]
        }
      ]
    },
    "source": "<a href=\"http://twitter.com/download/iphone\" rel=\"nofollow\">Twitter for iPhone</a>",
    "in_reply_to_status_id": null,
    "in_reply_to_status_id_str": null,
    "in_reply_to_user_id": null,
    "in_reply_to_user_id_str": null,
    "in_reply_to_screen_name": null,
    "user": {
      "id": 5943622,
      "id_str": "5943622",
      "name": "Marc Andreessen",
      "screen_name": "pmarca",
      "location": "Menlo Park, CA",
      "description": "\"There are two motives for reading a book; one, that you enjoy it; the other, that you can boast about it.\" -Bertrand Russell",
      "url": "http://t.co/kn6m038bNW",
      "entities": {
        "url": {
          "urls": [
            {
              "url": "http://t.co/kn6m038bNW",
              "expanded_url": "http://www.a16z.com",
              "display_url": "a16z.com",
              "indices": [
                0,
                22
              ]
            }
          ]
        },
        "description": {
          "urls": []
        }
      },
      "protected": false,
      "followers_count": 654675,
      "friends_count": 14151,
      "listed_count": 10654,
      "created_at": "Thu May 10 23:39:54 +0000 2007",
      "favourites_count": 275207,
      "utc_offset": -25200,
      "time_zone": "Pacific Time (US & Canada)",
      "geo_enabled": false,
      "verified": true,
      "statuses_count": 94,
      "lang": "en",
      "contributors_enabled": false,
      "is_translator": false,
      "is_translation_enabled": false,
      "profile_background_color": "131516",
      "profile_background_image_url": "http://pbs.twimg.com/profile_background_images/378800000162904615/QUPx_0yO.jpeg",
      "profile_background_image_url_https": "https://pbs.twimg.com/profile_background_images/378800000162904615/QUPx_0yO.jpeg",
      "profile_background_tile": true,
      "profile_image_url": "http://pbs.twimg.com/profile_images/873001402682847233/ee7Z9uuj_normal.jpg",
      "profile_image_url_https": "https://pbs.twimg.com/profile_images/873001402682847233/ee7Z9uuj_normal.jpg",
      "profile_banner_url": "https://pbs.twimg.com/profile_banners/5943622/1496974691",
      "profile_link_color": "12297A",
      "profile_sidebar_border_color": "FFFFFF",
      "profile_sidebar_fill_color": "EFEFEF",
      "profile_text_color": "333333",
      "profile_use_background_image": true,
      "has_extended_profile": false,
      "default_profile": false,
      "default_profile_image": false,
      "following": null,
      "follow_request_sent": null,
      "notifications": null,
      "translator_type": "none"
    },
    "geo": null,
    "coordinates": null,
    "place": null,
    "contributors": null,
    "is_quote_status": false,
    "retweet_count": 19,
    "favorite_count": 130,
    "favorited": false,
    "retweeted": false,
    "possibly_sensitive": false,
    "lang": "en"
  },
  {
    "created_at": "Fri Jun 09 02:39:51 +0000 2017",
    "id": 873006699476430800,
    "id_str": "873006699476430848",
    "text": "Currently reading: One Bullet Away: The Making of a Marine Officer https://t.co/4FGuLP679s",
    "truncated": false,
    "entities": {
      "hashtags": [],
      "symbols": [],
      "user_mentions": [],
      "urls": [
        {
          "url": "https://t.co/4FGuLP679s",
          "expanded_url": "https://www.amazon.com/dp/0618773436/ref=cm_sw_r_cp_api_MPGozbNFNDAJ5",
          "display_url": "amazon.com/dp/0618773436/…",
          "indices": [
            67,
            90
          ]
        }
      ]
    },
    "source": "<a href=\"http://twitter.com/download/iphone\" rel=\"nofollow\">Twitter for iPhone</a>",
    "in_reply_to_status_id": null,
    "in_reply_to_status_id_str": null,
    "in_reply_to_user_id": null,
    "in_reply_to_user_id_str": null,
    "in_reply_to_screen_name": null,
    "user": {
      "id": 5943622,
      "id_str": "5943622",
      "name": "Marc Andreessen",
      "screen_name": "pmarca",
      "location": "Menlo Park, CA",
      "description": "\"There are two motives for reading a book; one, that you enjoy it; the other, that you can boast about it.\" -Bertrand Russell",
      "url": "http://t.co/kn6m038bNW",
      "entities": {
        "url": {
          "urls": [
            {
              "url": "http://t.co/kn6m038bNW",
              "expanded_url": "http://www.a16z.com",
              "display_url": "a16z.com",
              "indices": [
                0,
                22
              ]
            }
          ]
        },
        "description": {
          "urls": []
        }
      },
      "protected": false,
      "followers_count": 654675,
      "friends_count": 14151,
      "listed_count": 10654,
      "created_at": "Thu May 10 23:39:54 +0000 2007",
      "favourites_count": 275207,
      "utc_offset": -25200,
      "time_zone": "Pacific Time (US & Canada)",
      "geo_enabled": false,
      "verified": true,
      "statuses_count": 94,
      "lang": "en",
      "contributors_enabled": false,
      "is_translator": false,
      "is_translation_enabled": false,
      "profile_background_color": "131516",
      "profile_background_image_url": "http://pbs.twimg.com/profile_background_images/378800000162904615/QUPx_0yO.jpeg",
      "profile_background_image_url_https": "https://pbs.twimg.com/profile_background_images/378800000162904615/QUPx_0yO.jpeg",
      "profile_background_tile": true,
      "profile_image_url": "http://pbs.twimg.com/profile_images/873001402682847233/ee7Z9uuj_normal.jpg",
      "profile_image_url_https": "https://pbs.twimg.com/profile_images/873001402682847233/ee7Z9uuj_normal.jpg",
      "profile_banner_url": "https://pbs.twimg.com/profile_banners/5943622/1496974691",
      "profile_link_color": "12297A",
      "profile_sidebar_border_color": "FFFFFF",
      "profile_sidebar_fill_color": "EFEFEF",
      "profile_text_color": "333333",
      "profile_use_background_image": true,
      "has_extended_profile": false,
      "default_profile": false,
      "default_profile_image": false,
      "following": null,
      "follow_request_sent": null,
      "notifications": null,
      "translator_type": "none"
    },
    "geo": null,
    "coordinates": null,
    "place": null,
    "contributors": null,
    "is_quote_status": false,
    "retweet_count": 18,
    "favorite_count": 142,
    "favorited": false,
    "retweeted": false,
    "possibly_sensitive": false,
    "lang": "en"
  },
  {
    "created_at": "Fri Jun 09 02:39:09 +0000 2017",
    "id": 873006524750110700,
    "id_str": "873006524750110720",
    "text": "Currently reading: The Operators: The Wild and Terrifying Inside Story of America's War in Afghanistan https://t.co/IP6YdOstyC",
    "truncated": false,
    "entities": {
      "hashtags": [],
      "symbols": [],
      "user_mentions": [],
      "urls": [
        {
          "url": "https://t.co/IP6YdOstyC",
          "expanded_url": "https://www.amazon.com/dp/0452298962/ref=cm_sw_r_cp_api_zOGozbJV9TTNA",
          "display_url": "amazon.com/dp/0452298962/…",
          "indices": [
            103,
            126
          ]
        }
      ]
    },
    "source": "<a href=\"http://twitter.com/download/iphone\" rel=\"nofollow\">Twitter for iPhone</a>",
    "in_reply_to_status_id": null,
    "in_reply_to_status_id_str": null,
    "in_reply_to_user_id": null,
    "in_reply_to_user_id_str": null,
    "in_reply_to_screen_name": null,
    "user": {
      "id": 5943622,
      "id_str": "5943622",
      "name": "Marc Andreessen",
      "screen_name": "pmarca",
      "location": "Menlo Park, CA",
      "description": "\"There are two motives for reading a book; one, that you enjoy it; the other, that you can boast about it.\" -Bertrand Russell",
      "url": "http://t.co/kn6m038bNW",
      "entities": {
        "url": {
          "urls": [
            {
              "url": "http://t.co/kn6m038bNW",
              "expanded_url": "http://www.a16z.com",
              "display_url": "a16z.com",
              "indices": [
                0,
                22
              ]
            }
          ]
        },
        "description": {
          "urls": []
        }
      },
      "protected": false,
      "followers_count": 654675,
      "friends_count": 14151,
      "listed_count": 10654,
      "created_at": "Thu May 10 23:39:54 +0000 2007",
      "favourites_count": 275207,
      "utc_offset": -25200,
      "time_zone": "Pacific Time (US & Canada)",
      "geo_enabled": false,
      "verified": true,
      "statuses_count": 94,
      "lang": "en",
      "contributors_enabled": false,
      "is_translator": false,
      "is_translation_enabled": false,
      "profile_background_color": "131516",
      "profile_background_image_url": "http://pbs.twimg.com/profile_background_images/378800000162904615/QUPx_0yO.jpeg",
      "profile_background_image_url_https": "https://pbs.twimg.com/profile_background_images/378800000162904615/QUPx_0yO.jpeg",
      "profile_background_tile": true,
      "profile_image_url": "http://pbs.twimg.com/profile_images/873001402682847233/ee7Z9uuj_normal.jpg",
      "profile_image_url_https": "https://pbs.twimg.com/profile_images/873001402682847233/ee7Z9uuj_normal.jpg",
      "profile_banner_url": "https://pbs.twimg.com/profile_banners/5943622/1496974691",
      "profile_link_color": "12297A",
      "profile_sidebar_border_color": "FFFFFF",
      "profile_sidebar_fill_color": "EFEFEF",
      "profile_text_color": "333333",
      "profile_use_background_image": true,
      "has_extended_profile": false,
      "default_profile": false,
      "default_profile_image": false,
      "following": null,
      "follow_request_sent": null,
      "notifications": null,
      "translator_type": "none"
    },
    "geo": null,
    "coordinates": null,
    "place": null,
    "contributors": null,
    "is_quote_status": false,
    "retweet_count": 35,
    "favorite_count": 226,
    "favorited": false,
    "retweeted": false,
    "possibly_sensitive": false,
    "lang": "en"
  }
]
